question,answer
What are the church service timings?,"Our church service timings are: Sunday Service - 10:00 AM to 12:00 PM, Wednesday Bible Study - 7:00 PM to 8:30 PM."
How can I get involved in church activities?,"You can get involved in various church activities like joining a ministry, volunteering for events, or participating in small group sessions. Please reach out to the church office or speak with one of the pastors for more information."
What is the process for baptism?,"The process for baptism typically involves attending a baptism class, meeting with a pastor, and then participating in the baptism ceremony. Please contact the church office to schedule your baptism class."
Does the church offer counseling services?,"Yes our church offers counseling services for members and non-members alike. You can schedule an appointment with one of our trained counselors by calling the church office."
How can I become a member of the church?,"To become a member of our church you need to attend a new member's class, complete the membership application, and meet with one of our pastors. Please check our website or contact the church office for upcoming new member's class schedules."
How can I get involved in youth ministry?,"We have an active youth ministry with various programs and activities. You can volunteer as a youth leader, mentor, or participate in youth events. Please speak with our youth pastor or visit the church office for more details."
Does the church have a nursery or childcare services during services?,"Yes, we offer nursery and childcare services during our Sunday service. Our dedicated staff and volunteers ensure a safe and nurturing environment for children while parents attend the service."
How can I schedule a wedding or funeral at the church?,"To schedule a wedding or funeral at our church, please contact the church office and speak with one of our administrative staff. They will guide you through the process and provide you with the necessary information."
Does the church offer any support groups or recovery programs?,"Our church offers various support groups and recovery programs, such as Alcoholics Anonymous, Grief Support, and Marriage Counseling. Please visit our website or contact the church office for more details on available programs and meeting schedules."
How can I get involved in the church's outreach or missionary programs?,"We have several outreach and missionary programs focused on local and international communities. You can volunteer your time, donate resources, or participate in mission trips. Please speak with our outreach coordinator or visit the church office for more information."
What are the church's core beliefs and values?,"Our church believes in the authority of the Bible, the divinity of Jesus Christ, and the importance of spreading the Gospel. We value love, compassion, and serving others in our community and beyond."
How can I get involved in the church's music ministry?,"Our music ministry includes the church choir, worship band, and special music events. You can audition to join the choir or worship band, or volunteer to help with music-related events. Please contact our music director for more information."
Does the church have any small groups or Bible study classes?,"Yes, we offer various small groups and Bible study classes for different age groups and interests. These groups provide opportunities for fellowship, spiritual growth, and in-depth study of the Scriptures. Check our website or contact the church office for the current schedule."
How can I volunteer at the church?,"There are many ways to volunteer at our church, such as helping with children's ministry, serving in the hospitality team, assisting with church maintenance, or participating in outreach events. Please speak with our volunteer coordinator or visit the church office to explore available opportunities."
Does the church offer any financial assistance programs?,"Our church has a benevolence fund to provide financial assistance to members and non-members in need. We also partner with local organizations to offer resources and support for those facing financial hardships. Please speak with a pastor or contact the church office for more information."
What is the church's stance on social issues and community involvement?,"Our church believes in being actively involved in the community and addressing social issues with compassion and biblical wisdom. We support initiatives that promote justice, human rights, and the well-being of all people."
How can I submit a prayer request?,"You can submit a prayer request by filling out the prayer request form on our website, emailing the church office, or calling and leaving a message with our prayer team. We will pray for your request during our weekly prayer meetings."
Does the church offer any parenting or family support programs?,"Yes, we have parenting classes, family counseling services, and support groups for families. These programs aim to strengthen family relationships, provide guidance, and offer a supportive community. Check our website or contact the church office for more details."
What is the process for dedicating a child at the church?,"The process for child dedication typically involves attending a class, completing a dedication form, and participating in a dedication ceremony during a church service. Please contact the church office to schedule your child's dedication."
How can I get involved in the church's men's or women's ministry?,"Our church has active men's and women's ministries that offer fellowship opportunities, Bible studies, and events tailored to their specific needs. You can join by attending one of their meetings or contacting the respective ministry leaders."
Does the church offer any classes or resources for new believers?,"Yes, we have classes and resources specifically designed for new believers. These cover topics such as understanding the Bible, developing a prayer life, and growing in your faith. Please speak with a pastor or visit the church office for more information."
How can I access the church's online sermons or audio recordings?,"You can access our online sermons and audio recordings through the church's website or mobile app. These resources allow you to listen to or watch past sermons and stay connected to our church's teachings."
What is the process for getting married at the church?,"To get married at our church, you will need to attend pre-marital counseling sessions, complete the necessary paperwork, and schedule your wedding date with our administrative staff. Please contact the church office for more details and requirements."
Does the church offer any senior citizen programs or ministries?,"Yes, we have a vibrant senior citizen ministry that organizes fellowship events, Bible studies, and outreach activities specifically for our older members. Please contact the church office or speak with our senior pastor for more information."
How can I make a donation or tithe to the church?,"You can make a donation or tithe to our church through online giving on our website, by mailing a check to the church office, or by placing your contribution in the offering basket during our services."
What is the church's mission statement?,"Our church's mission statement is: 'To share the love of Christ, make disciples, and serve our community with compassion and integrity.'"
How can I access the church's calendar of events and activities?,"You can access our church's calendar of events and activities through our website or mobile app. This will provide you with up-to-date information on upcoming services, events, and ministry activities."
Does the church offer any addiction recovery programs?,"Yes, we offer addiction recovery programs such as Celebrate Recovery, which provides a Christ-centered approach to overcoming addictions and finding freedom through faith. Please contact our recovery ministry coordinator for more information."
How can I get involved in the church's homeless ministry or food pantry?,"Our church operates a homeless ministry and food pantry to serve those in need in our community. You can volunteer your time, donate non-perishable food items, or contribute financially to support these efforts. Please speak with our outreach coordinator for more details."
Does the church have any programs or resources for singles?,"We have a singles ministry that organizes social events, Bible studies, and support groups specifically for single adults. This ministry aims to provide fellowship, encouragement, and spiritual growth opportunities. Contact our singles ministry coordinator for more information."
How can I access the church's online giving platform?,"You can access our online giving platform through the 'Give' section on our church's website. This secure platform allows you to make one-time or recurring contributions using a credit/debit card or bank account."
What is the process for church membership transfer?,"If you are already a member of another church and would like to transfer your membership to our church, please contact our church office. We will guide you through the necessary steps and provide you with the required paperwork."
Does the church offer any grief support groups or counseling services?,"Yes, we offer grief support groups and counseling services to help individuals and families navigate the grieving process. Our trained counselors and support group leaders provide a safe and compassionate environment for healing and comfort."
How can I get involved in the church's children's ministry?,"Our children's ministry offers various opportunities to serve, such as teaching Sunday School classes, volunteering in the nursery, or assisting with children's events and programs. Please contact our children's ministry director for more information."
Does the church have any programs or resources for individuals with special needs?,"We have a special needs ministry that provides support, resources, and inclusive programs for individuals with special needs and their families. This ministry aims to create a welcoming and accessible environment for all."
How can I access the church's online prayer wall or prayer request system?,"You can access our online prayer wall or prayer request system through the 'Prayer' section on our church's website. This allows you to submit prayer requests and pray for others in our church community."

